Model,Company,MAE,MAE_pct,MSE,MSE_pct,R2
LSTM,HPG,0.688333,3.24%,0.940909,4.43%,95.23%
LSTM,HSG,0.883678,4.53%,1.370441,7.03%,96.32%
XGBoost,HPG,0.221934,1.05%,0.085067,0.40%,99.57%
XGBoost,HSG,0.282837,1.45%,0.135675,0.70%,99.64%
Meta,HPG,0.137721,0.63%,0.031466,0.14%,98.39%
Meta,HSG,0.131447,0.68%,0.029842,0.15%,99.49%
